{
  "intents": [
    {
      "triggerQueries": [
        "Wie heiße ich?"
      ],
      "dialogId": "new_topic_e050da61e8964c7d852ebcd51e8bf11c",
      "isTriggeringEnabled": true,
      "id": "new_topic_e050da61e8964c7d852ebcd51e8bf11c",
      "displayName": "1.1. Was passiert wenn eine Bot Variable keinen Wert hat?",
      "createdTime": "2022-08-17T09:45:37.0884046Z",
      "updatedTime": "2022-08-22T08:47:34.2684423Z",
      "createdUserId": "1373c664-c440-4d55-8615-a966ec8b3c51",
      "updatedUserId": "7cc38f2f-341a-4263-a890-917647e3fa51"
    }
  ],
  "dialogs": [
    {
      "rootNodeId": "e6e74307-68fe-47f5-9338-6b57a6720b29",
      "messageNodes": [
        {
          "botMessageId": "cd67fad3-7bd3-4e9d-8f5c-c435817569a9",
          "nodeType": "BotMessageNode",
          "id": "8c722bba-b619-43c8-8f28-4a3c76fa31a2"
        },
        {
          "botMessageId": "dd81da58-5b60-45f8-9af9-8b5ad51d3fbb",
          "nodeType": "BotMessageNode",
          "id": "e6e74307-68fe-47f5-9338-6b57a6720b29",
          "defaultTargetNodeId": "8c722bba-b619-43c8-8f28-4a3c76fa31a2"
        }
      ],
      "id": "new_topic_e050da61e8964c7d852ebcd51e8bf11c",
      "displayName": "Untitled",
      "createdTime": "2022-08-17T09:45:37.0884046Z",
      "updatedTime": "2022-08-22T08:47:34.2684423Z",
      "createdUserId": "1373c664-c440-4d55-8615-a966ec8b3c51",
      "updatedUserId": "7cc38f2f-341a-4263-a890-917647e3fa51"
    }
  ],
  "botMessages": [
    {
      "channelContent": {
        "web": {
          "contentFormat": "Markdown",
          "content": "Sie heißen: {new\\_variable\\_c5385667c6aa4c9691356c135aad3ccc\\_885b2188f9944be3a41a8adf168d2bae}"
        }
      },
      "id": "cd67fad3-7bd3-4e9d-8f5c-c435817569a9",
      "createdTime": "2022-08-17T09:44:30.631Z",
      "updatedTime": "2022-08-17T09:44:30.631Z"
    },
    {
      "channelContent": {
        "web": {
          "contentFormat": "Markdown",
          "content": "Ich geben den Wert aus einer Bot Variable aus."
        }
      },
      "id": "dd81da58-5b60-45f8-9af9-8b5ad51d3fbb",
      "createdTime": "2022-08-17T09:49:31.316Z",
      "updatedTime": "2022-08-17T09:49:31.316Z",
      "createdUserId": "user-0",
      "updatedUserId": "user-0"
    }
  ]
}