<ImportExportXml version="9.2.22074.168" SolutionPackageVersion="9.2" languagecode="1033" generatedBy="CrmLive" xmlns:xsi="http://www.w3.org/2001/XMLSchema-instance">
  <SolutionManifest>
    <UniqueName>PVAinaDay_Clean</UniqueName>
    <LocalizedNames>
      <LocalizedName description="PVAinaDay_Clean" languagecode="1033" />
    </LocalizedNames>
    <Descriptions />
    <Version>1.0.0.1</Version>
    <Managed>0</Managed>
    <Publisher>
      <UniqueName>Christian_Pirlich</UniqueName>
      <LocalizedNames>
        <LocalizedName description="Christian Pirlich" languagecode="1033" />
      </LocalizedNames>
      <Descriptions />
      <EMailAddress xsi:nil="true"></EMailAddress>
      <SupportingWebsiteUrl xsi:nil="true"></SupportingWebsiteUrl>
      <CustomizationPrefix>cp</CustomizationPrefix>
      <CustomizationOptionValuePrefix>12157</CustomizationOptionValuePrefix>
      <Addresses>
        <Address>
          <AddressNumber>1</AddressNumber>
          <AddressTypeCode>1</AddressTypeCode>
          <City xsi:nil="true"></City>
          <County xsi:nil="true"></County>
          <Country xsi:nil="true"></Country>
          <Fax xsi:nil="true"></Fax>
          <FreightTermsCode xsi:nil="true"></FreightTermsCode>
          <ImportSequenceNumber xsi:nil="true"></ImportSequenceNumber>
          <Latitude xsi:nil="true"></Latitude>
          <Line1 xsi:nil="true"></Line1>
          <Line2 xsi:nil="true"></Line2>
          <Line3 xsi:nil="true"></Line3>
          <Longitude xsi:nil="true"></Longitude>
          <Name xsi:nil="true"></Name>
          <PostalCode xsi:nil="true"></PostalCode>
          <PostOfficeBox xsi:nil="true"></PostOfficeBox>
          <PrimaryContactName xsi:nil="true"></PrimaryContactName>
          <ShippingMethodCode>1</ShippingMethodCode>
          <StateOrProvince xsi:nil="true"></StateOrProvince>
          <Telephone1 xsi:nil="true"></Telephone1>
          <Telephone2 xsi:nil="true"></Telephone2>
          <Telephone3 xsi:nil="true"></Telephone3>
          <TimeZoneRuleVersionNumber xsi:nil="true"></TimeZoneRuleVersionNumber>
          <UPSZone xsi:nil="true"></UPSZone>
          <UTCOffset xsi:nil="true"></UTCOffset>
          <UTCConversionTimeZoneCode xsi:nil="true"></UTCConversionTimeZoneCode>
        </Address>
        <Address>
          <AddressNumber>2</AddressNumber>
          <AddressTypeCode>1</AddressTypeCode>
          <City xsi:nil="true"></City>
          <County xsi:nil="true"></County>
          <Country xsi:nil="true"></Country>
          <Fax xsi:nil="true"></Fax>
          <FreightTermsCode xsi:nil="true"></FreightTermsCode>
          <ImportSequenceNumber xsi:nil="true"></ImportSequenceNumber>
          <Latitude xsi:nil="true"></Latitude>
          <Line1 xsi:nil="true"></Line1>
          <Line2 xsi:nil="true"></Line2>
          <Line3 xsi:nil="true"></Line3>
          <Longitude xsi:nil="true"></Longitude>
          <Name xsi:nil="true"></Name>
          <PostalCode xsi:nil="true"></PostalCode>
          <PostOfficeBox xsi:nil="true"></PostOfficeBox>
          <PrimaryContactName xsi:nil="true"></PrimaryContactName>
          <ShippingMethodCode>1</ShippingMethodCode>
          <StateOrProvince xsi:nil="true"></StateOrProvince>
          <Telephone1 xsi:nil="true"></Telephone1>
          <Telephone2 xsi:nil="true"></Telephone2>
          <Telephone3 xsi:nil="true"></Telephone3>
          <TimeZoneRuleVersionNumber xsi:nil="true"></TimeZoneRuleVersionNumber>
          <UPSZone xsi:nil="true"></UPSZone>
          <UTCOffset xsi:nil="true"></UTCOffset>
          <UTCConversionTimeZoneCode xsi:nil="true"></UTCConversionTimeZoneCode>
        </Address>
      </Addresses>
    </Publisher>
    <RootComponents>
      <RootComponent type="29" id="{41fce8bf-3b1d-ed11-b83d-000d3a23cb21}" behavior="0" />
      <RootComponent type="29" id="{42b5734e-771c-ed11-b83d-000d3a23cb21}" behavior="0" />
      <RootComponent type="29" id="{fa64fcdb-751c-ed11-b83d-000d3a23cd4a}" behavior="0" />
    </RootComponents>
    <MissingDependencies>
      <MissingDependency>
        <Required type="1" schemaName="cr5e3_bestellung" displayName="Bestellung" solution="Active" />
        <Dependent type="29" displayName="Rücksendelabel erstellen" id="{42b5734e-771c-ed11-b83d-000d3a23cb21}" />
      </MissingDependency>
      <MissingDependency>
        <Required type="1" schemaName="cr5e3_bestellung" displayName="Bestellung" solution="Active" />
        <Dependent type="29" displayName="Bestellung abrufen" id="{fa64fcdb-751c-ed11-b83d-000d3a23cd4a}" />
      </MissingDependency>
      <MissingDependency>
        <Required type="1" schemaName="cr5e3_kunde" displayName="Kunde" solution="Active" />
        <Dependent type="29" displayName="Adressänderung" id="{41fce8bf-3b1d-ed11-b83d-000d3a23cb21}" />
      </MissingDependency>
      <MissingDependency>
        <Required type="1" schemaName="cr5e3_kunde" displayName="Kunde" solution="Active" />
        <Dependent type="29" displayName="Rücksendelabel erstellen" id="{42b5734e-771c-ed11-b83d-000d3a23cb21}" />
      </MissingDependency>
      <MissingDependency>
        <Required type="1" schemaName="cr5e3_kunde" displayName="Kunde" solution="Active" />
        <Dependent type="29" displayName="Bestellung abrufen" id="{fa64fcdb-751c-ed11-b83d-000d3a23cd4a}" />
      </MissingDependency>
      <MissingDependency>
        <Required type="connectionreference" displayName="cr967_sharedoffice365_6b710" solution="Active" id.connectionreferencelogicalname="cr967_sharedoffice365_6b710" />
        <Dependent type="29" displayName="Rücksendelabel erstellen" id="{42b5734e-771c-ed11-b83d-000d3a23cb21}" />
      </MissingDependency>
      <MissingDependency>
        <Required type="connectionreference" displayName="new_sharedcommondataserviceforapps_24433" solution="Active" id.connectionreferencelogicalname="new_sharedcommondataserviceforapps_24433" />
        <Dependent type="29" displayName="Adressänderung" id="{41fce8bf-3b1d-ed11-b83d-000d3a23cb21}" />
      </MissingDependency>
      <MissingDependency>
        <Required type="connectionreference" displayName="new_sharedcommondataserviceforapps_24433" solution="Active" id.connectionreferencelogicalname="new_sharedcommondataserviceforapps_24433" />
        <Dependent type="29" displayName="Rücksendelabel erstellen" id="{42b5734e-771c-ed11-b83d-000d3a23cb21}" />
      </MissingDependency>
      <MissingDependency>
        <Required type="connectionreference" displayName="new_sharedcommondataserviceforapps_24433" solution="Active" id.connectionreferencelogicalname="new_sharedcommondataserviceforapps_24433" />
        <Dependent type="29" displayName="Bestellung abrufen" id="{fa64fcdb-751c-ed11-b83d-000d3a23cd4a}" />
      </MissingDependency>
      <MissingDependency>
        <Required type="connectionreference" displayName="new_sharedsharepointonline_8e4c0" solution="Active" id.connectionreferencelogicalname="new_sharedsharepointonline_8e4c0" />
        <Dependent type="29" displayName="Rücksendelabel erstellen" id="{42b5734e-771c-ed11-b83d-000d3a23cb21}" />
      </MissingDependency>
      <MissingDependency>
        <Required type="connectionreference" displayName="new_sharedwordonlinebusiness_54a1e" solution="Active" id.connectionreferencelogicalname="new_sharedwordonlinebusiness_54a1e" />
        <Dependent type="29" displayName="Rücksendelabel erstellen" id="{42b5734e-771c-ed11-b83d-000d3a23cb21}" />
      </MissingDependency>
    </MissingDependencies>
  </SolutionManifest>
</ImportExportXml>