{
  "contextVariables": [
    {
      "systemType": "String",
      "initializerType": "Expression",
      "scope": "Session",
      "greedySlotFillingEnabled": false,
      "isInput": false,
      "externalInitializationAllowed": false,
      "expression": "@parameters('a9ae9766-4a1d-4573-a81e-8902aeec9e59')['adressänderung_status']",
      "isGlobal": true,
      "id": "new_variable_79091d6840c548089175d549ddf19095_895b439b9231479d97b9fecab30b39de",
      "displayName": "Adressänderung_Status",
      "createdTime": "2022-08-22T08:39:40.9473568Z",
      "updatedTime": "2022-08-22T08:39:40.9473568Z",
      "createdUserId": "7cc38f2f-341a-4263-a890-917647e3fa51",
      "updatedUserId": "7cc38f2f-341a-4263-a890-917647e3fa51"
    }
  ]
}