<botcomponent schemaname="new_topic_c5385667c6aa4c9691356c135aad3ccc_dbafebd526364487911b63a2a774389f">
  <componenttype>0</componenttype>
  <description>Lektion 3 – In dieser Lektion wird erläutert, wie Sie ein einfaches Thema mit einer Bedingungsverzweigung und einer Variablen erstellen.

Wenn Sie Entitäten in Ihrem Thema verwenden, kann der Bot wichtige vom Benutzer eingegebene Informationen identifizieren und Ihre Variablen proaktiv mit diesen Informationen füllen. Wenn der Kunde beispielsweise sagt "Ich möchte ein rotes Auto kaufen.", muss er nicht nach der Farbe des Autos gefragt werden, da der Bot die Farbentität in dessen Eingabe erkennt. Der Bot überspringt dann die Frage, in der er nach der Farbe gefragt wurde. 

Sie können Entitäten auch verwenden, um eine bestimmte Liste von Optionen zu erkennen. In dieser Lektion identifizieren wir "Stadt" als Entität, und der Bot erkennt alle Städte als Benutzertypen.</description>
  <iscustomizable>1</iscustomizable>
  <name>Lektion 3 – Ein Thema mit einer Bedingungs-, Variablen- und vorgefertigten Entität</name>
  <statecode>0</statecode>
  <statuscode>1</statuscode>
</botcomponent>