<bot_botcomponentset>
  <bot_botcomponent botcomponentid.schemaname="new_customtype_3c5a7477d3c64b459902ff0fdcad7385" botid.schemaname="new_bot_c5385667c6aa4c9691356c135aad3ccc">
    <iscustomizable>1</iscustomizable>
  </bot_botcomponent>
  <bot_botcomponent botcomponentid.schemaname="new_customtype_47d81c89447040b68e8816eb3040beb1" botid.schemaname="new_bot_c5385667c6aa4c9691356c135aad3ccc">
    <iscustomizable>1</iscustomizable>
  </bot_botcomponent>
  <bot_botcomponent botcomponentid.schemaname="new_customtype_8e3574bb7e634c65bbd88b6498e618f1" botid.schemaname="new_bot_c5385667c6aa4c9691356c135aad3ccc">
    <iscustomizable>1</iscustomizable>
  </bot_botcomponent>
  <bot_botcomponent botcomponentid.schemaname="new_customtype_c5385667c6aa4c9691356c135aad3ccc_92610204747047ac8f788f7eecd91118" botid.schemaname="new_bot_c5385667c6aa4c9691356c135aad3ccc">
    <iscustomizable>1</iscustomizable>
  </bot_botcomponent>
  <bot_botcomponent botcomponentid.schemaname="new_customtype_c5385667c6aa4c9691356c135aad3ccc_f86fcadfd497444e91ed11c12b059d10" botid.schemaname="new_bot_c5385667c6aa4c9691356c135aad3ccc">
    <iscustomizable>1</iscustomizable>
  </bot_botcomponent>
  <bot_botcomponent botcomponentid.schemaname="new_topic_07884ea3a9ab4a268abe5df8b3c86709" botid.schemaname="new_bot_c5385667c6aa4c9691356c135aad3ccc">
    <iscustomizable>1</iscustomizable>
  </bot_botcomponent>
  <bot_botcomponent botcomponentid.schemaname="new_topic_4fe40883570e4f32be1e597b110a8274.dialog.schema" botid.schemaname="new_bot_c5385667c6aa4c9691356c135aad3ccc">
    <iscustomizable>1</iscustomizable>
  </bot_botcomponent>
  <bot_botcomponent botcomponentid.schemaname="new_topic_4fe40883570e4f32be1e597b110a8274" botid.schemaname="new_bot_c5385667c6aa4c9691356c135aad3ccc">
    <iscustomizable>1</iscustomizable>
  </bot_botcomponent>
  <bot_botcomponent botcomponentid.schemaname="new_topic_613be59e37d44149aac0a1edc6873fd2" botid.schemaname="new_bot_c5385667c6aa4c9691356c135aad3ccc">
    <iscustomizable>1</iscustomizable>
  </bot_botcomponent>
  <bot_botcomponent botcomponentid.schemaname="new_topic_823911a1f292402c8f259ac1f10b1a19.dialog.schema" botid.schemaname="new_bot_c5385667c6aa4c9691356c135aad3ccc">
    <iscustomizable>1</iscustomizable>
  </bot_botcomponent>
  <bot_botcomponent botcomponentid.schemaname="new_topic_823911a1f292402c8f259ac1f10b1a19" botid.schemaname="new_bot_c5385667c6aa4c9691356c135aad3ccc">
    <iscustomizable>1</iscustomizable>
  </bot_botcomponent>
  <bot_botcomponent botcomponentid.schemaname="new_topic_c5385667c6aa4c9691356c135aad3ccc_21a34f1673a24096a99ba0effb63cc1d" botid.schemaname="new_bot_c5385667c6aa4c9691356c135aad3ccc">
    <iscustomizable>1</iscustomizable>
  </bot_botcomponent>
  <bot_botcomponent botcomponentid.schemaname="new_topic_c5385667c6aa4c9691356c135aad3ccc_33d5123770ba4daeafae51b361ddc80a" botid.schemaname="new_bot_c5385667c6aa4c9691356c135aad3ccc">
    <iscustomizable>1</iscustomizable>
  </bot_botcomponent>
  <bot_botcomponent botcomponentid.schemaname="new_topic_c5385667c6aa4c9691356c135aad3ccc_3d2584ec30914684839527e05e7be172_thankyou" botid.schemaname="new_bot_c5385667c6aa4c9691356c135aad3ccc">
    <iscustomizable>1</iscustomizable>
  </bot_botcomponent>
  <bot_botcomponent botcomponentid.schemaname="new_topic_c5385667c6aa4c9691356c135aad3ccc_85df75ce08a44a9b82cc8f3fdb25f669" botid.schemaname="new_bot_c5385667c6aa4c9691356c135aad3ccc">
    <iscustomizable>1</iscustomizable>
  </bot_botcomponent>
  <bot_botcomponent botcomponentid.schemaname="new_topic_c5385667c6aa4c9691356c135aad3ccc_8a4964498f83424bb3a86295bf7d0952_startover" botid.schemaname="new_bot_c5385667c6aa4c9691356c135aad3ccc">
    <iscustomizable>1</iscustomizable>
  </bot_botcomponent>
  <bot_botcomponent botcomponentid.schemaname="new_topic_c5385667c6aa4c9691356c135aad3ccc_954135cafcd647eaae5999ad91fc08cf_talktoagent" botid.schemaname="new_bot_c5385667c6aa4c9691356c135aad3ccc">
    <iscustomizable>1</iscustomizable>
  </bot_botcomponent>
  <bot_botcomponent botcomponentid.schemaname="new_topic_c5385667c6aa4c9691356c135aad3ccc_aeabea4d071f415c8c107e1cb7af5424_assumedsuccess" botid.schemaname="new_bot_c5385667c6aa4c9691356c135aad3ccc">
    <iscustomizable>1</iscustomizable>
  </bot_botcomponent>
  <bot_botcomponent botcomponentid.schemaname="new_topic_c5385667c6aa4c9691356c135aad3ccc_ba7b967c97ba4c39bca58a8bb6a72d59_conversationstart" botid.schemaname="new_bot_c5385667c6aa4c9691356c135aad3ccc">
    <iscustomizable>1</iscustomizable>
  </bot_botcomponent>
  <bot_botcomponent botcomponentid.schemaname="new_topic_c5385667c6aa4c9691356c135aad3ccc_d2198a5ee41a48a5bf70ab8970145a9f_confirmedfailure" botid.schemaname="new_bot_c5385667c6aa4c9691356c135aad3ccc">
    <iscustomizable>1</iscustomizable>
  </bot_botcomponent>
  <bot_botcomponent botcomponentid.schemaname="new_topic_c5385667c6aa4c9691356c135aad3ccc_db1f76b081dc43389df9dd2df7518737_confirmedsuccess" botid.schemaname="new_bot_c5385667c6aa4c9691356c135aad3ccc">
    <iscustomizable>1</iscustomizable>
  </bot_botcomponent>
  <bot_botcomponent botcomponentid.schemaname="new_topic_c5385667c6aa4c9691356c135aad3ccc_dbafebd526364487911b63a2a774389f" botid.schemaname="new_bot_c5385667c6aa4c9691356c135aad3ccc">
    <iscustomizable>1</iscustomizable>
  </bot_botcomponent>
  <bot_botcomponent botcomponentid.schemaname="new_topic_c5385667c6aa4c9691356c135aad3ccc_f56d1a3e522740c78f9fac0939332dbd_goodbye" botid.schemaname="new_bot_c5385667c6aa4c9691356c135aad3ccc">
    <iscustomizable>1</iscustomizable>
  </bot_botcomponent>
  <bot_botcomponent botcomponentid.schemaname="new_topic_d8499d54b96046e7b9fe0b3e0574fe5a.dialog.schema" botid.schemaname="new_bot_c5385667c6aa4c9691356c135aad3ccc">
    <iscustomizable>1</iscustomizable>
  </bot_botcomponent>
  <bot_botcomponent botcomponentid.schemaname="new_topic_d8499d54b96046e7b9fe0b3e0574fe5a" botid.schemaname="new_bot_c5385667c6aa4c9691356c135aad3ccc">
    <iscustomizable>1</iscustomizable>
  </bot_botcomponent>
  <bot_botcomponent botcomponentid.schemaname="new_topic_e050da61e8964c7d852ebcd51e8bf11c" botid.schemaname="new_bot_c5385667c6aa4c9691356c135aad3ccc">
    <iscustomizable>1</iscustomizable>
  </bot_botcomponent>
  <bot_botcomponent botcomponentid.schemaname="new_topic_f35e69fb97734d4ca464e906cbab21df.dialog.schema" botid.schemaname="new_bot_c5385667c6aa4c9691356c135aad3ccc">
    <iscustomizable>1</iscustomizable>
  </bot_botcomponent>
  <bot_botcomponent botcomponentid.schemaname="new_topic_f35e69fb97734d4ca464e906cbab21df" botid.schemaname="new_bot_c5385667c6aa4c9691356c135aad3ccc">
    <iscustomizable>1</iscustomizable>
  </bot_botcomponent>
  <bot_botcomponent botcomponentid.schemaname="new_variable_79091d6840c548089175d549ddf19095_895b439b9231479d97b9fecab30b39de" botid.schemaname="new_bot_c5385667c6aa4c9691356c135aad3ccc">
    <iscustomizable>1</iscustomizable>
  </bot_botcomponent>
  <bot_botcomponent botcomponentid.schemaname="new_variable_c5385667c6aa4c9691356c135aad3ccc_885b2188f9944be3a41a8adf168d2bae" botid.schemaname="new_bot_c5385667c6aa4c9691356c135aad3ccc">
    <iscustomizable>1</iscustomizable>
  </bot_botcomponent>
</bot_botcomponentset>