<botcomponent_botcomponentset>
  <botcomponent_botcomponent botcomponentidone.schemaname="new_topic_07884ea3a9ab4a268abe5df8b3c86709" botcomponentidtwo.schemaname="new_topic_c5385667c6aa4c9691356c135aad3ccc_aeabea4d071f415c8c107e1cb7af5424_assumedsuccess">
    <iscustomizable>1</iscustomizable>
  </botcomponent_botcomponent>
  <botcomponent_botcomponent botcomponentidone.schemaname="new_topic_07884ea3a9ab4a268abe5df8b3c86709" botcomponentidtwo.schemaname="new_variable_c5385667c6aa4c9691356c135aad3ccc_885b2188f9944be3a41a8adf168d2bae">
    <iscustomizable>1</iscustomizable>
  </botcomponent_botcomponent>
  <botcomponent_botcomponent botcomponentidone.schemaname="new_topic_4fe40883570e4f32be1e597b110a8274" botcomponentidtwo.schemaname="new_customtype_47d81c89447040b68e8816eb3040beb1">
    <iscustomizable>1</iscustomizable>
  </botcomponent_botcomponent>
  <botcomponent_botcomponent botcomponentidone.schemaname="new_topic_4fe40883570e4f32be1e597b110a8274" botcomponentidtwo.schemaname="new_topic_07884ea3a9ab4a268abe5df8b3c86709">
    <iscustomizable>1</iscustomizable>
  </botcomponent_botcomponent>
  <botcomponent_botcomponent botcomponentidone.schemaname="new_topic_4fe40883570e4f32be1e597b110a8274" botcomponentidtwo.schemaname="new_topic_823911a1f292402c8f259ac1f10b1a19">
    <iscustomizable>1</iscustomizable>
  </botcomponent_botcomponent>
  <botcomponent_botcomponent botcomponentidone.schemaname="new_topic_4fe40883570e4f32be1e597b110a8274" botcomponentidtwo.schemaname="new_topic_c5385667c6aa4c9691356c135aad3ccc_954135cafcd647eaae5999ad91fc08cf_talktoagent">
    <iscustomizable>1</iscustomizable>
  </botcomponent_botcomponent>
  <botcomponent_botcomponent botcomponentidone.schemaname="new_topic_4fe40883570e4f32be1e597b110a8274" botcomponentidtwo.schemaname="new_topic_c5385667c6aa4c9691356c135aad3ccc_aeabea4d071f415c8c107e1cb7af5424_assumedsuccess">
    <iscustomizable>1</iscustomizable>
  </botcomponent_botcomponent>
  <botcomponent_botcomponent botcomponentidone.schemaname="new_topic_613be59e37d44149aac0a1edc6873fd2" botcomponentidtwo.schemaname="new_topic_823911a1f292402c8f259ac1f10b1a19">
    <iscustomizable>1</iscustomizable>
  </botcomponent_botcomponent>
  <botcomponent_botcomponent botcomponentidone.schemaname="new_topic_613be59e37d44149aac0a1edc6873fd2" botcomponentidtwo.schemaname="new_topic_c5385667c6aa4c9691356c135aad3ccc_aeabea4d071f415c8c107e1cb7af5424_assumedsuccess">
    <iscustomizable>1</iscustomizable>
  </botcomponent_botcomponent>
  <botcomponent_botcomponent botcomponentidone.schemaname="new_topic_823911a1f292402c8f259ac1f10b1a19" botcomponentidtwo.schemaname="new_customtype_8e3574bb7e634c65bbd88b6498e618f1">
    <iscustomizable>1</iscustomizable>
  </botcomponent_botcomponent>
  <botcomponent_botcomponent botcomponentidone.schemaname="new_topic_823911a1f292402c8f259ac1f10b1a19" botcomponentidtwo.schemaname="new_variable_79091d6840c548089175d549ddf19095_895b439b9231479d97b9fecab30b39de">
    <iscustomizable>1</iscustomizable>
  </botcomponent_botcomponent>
  <botcomponent_botcomponent botcomponentidone.schemaname="new_topic_c5385667c6aa4c9691356c135aad3ccc_21a34f1673a24096a99ba0effb63cc1d" botcomponentidtwo.schemaname="new_topic_c5385667c6aa4c9691356c135aad3ccc_aeabea4d071f415c8c107e1cb7af5424_assumedsuccess">
    <iscustomizable>1</iscustomizable>
  </botcomponent_botcomponent>
  <botcomponent_botcomponent botcomponentidone.schemaname="new_topic_c5385667c6aa4c9691356c135aad3ccc_33d5123770ba4daeafae51b361ddc80a" botcomponentidtwo.schemaname="new_topic_c5385667c6aa4c9691356c135aad3ccc_aeabea4d071f415c8c107e1cb7af5424_assumedsuccess">
    <iscustomizable>1</iscustomizable>
  </botcomponent_botcomponent>
  <botcomponent_botcomponent botcomponentidone.schemaname="new_topic_c5385667c6aa4c9691356c135aad3ccc_85df75ce08a44a9b82cc8f3fdb25f669" botcomponentidtwo.schemaname="new_customtype_c5385667c6aa4c9691356c135aad3ccc_f86fcadfd497444e91ed11c12b059d10">
    <iscustomizable>1</iscustomizable>
  </botcomponent_botcomponent>
  <botcomponent_botcomponent botcomponentidone.schemaname="new_topic_c5385667c6aa4c9691356c135aad3ccc_85df75ce08a44a9b82cc8f3fdb25f669" botcomponentidtwo.schemaname="new_topic_c5385667c6aa4c9691356c135aad3ccc_aeabea4d071f415c8c107e1cb7af5424_assumedsuccess">
    <iscustomizable>1</iscustomizable>
  </botcomponent_botcomponent>
  <botcomponent_botcomponent botcomponentidone.schemaname="new_topic_c5385667c6aa4c9691356c135aad3ccc_8a4964498f83424bb3a86295bf7d0952_startover" botcomponentidtwo.schemaname="new_topic_c5385667c6aa4c9691356c135aad3ccc_ba7b967c97ba4c39bca58a8bb6a72d59_conversationstart">
    <iscustomizable>1</iscustomizable>
  </botcomponent_botcomponent>
  <botcomponent_botcomponent botcomponentidone.schemaname="new_topic_c5385667c6aa4c9691356c135aad3ccc_aeabea4d071f415c8c107e1cb7af5424_assumedsuccess" botcomponentidtwo.schemaname="new_topic_c5385667c6aa4c9691356c135aad3ccc_d2198a5ee41a48a5bf70ab8970145a9f_confirmedfailure">
    <iscustomizable>1</iscustomizable>
  </botcomponent_botcomponent>
  <botcomponent_botcomponent botcomponentidone.schemaname="new_topic_c5385667c6aa4c9691356c135aad3ccc_aeabea4d071f415c8c107e1cb7af5424_assumedsuccess" botcomponentidtwo.schemaname="new_topic_c5385667c6aa4c9691356c135aad3ccc_db1f76b081dc43389df9dd2df7518737_confirmedsuccess">
    <iscustomizable>1</iscustomizable>
  </botcomponent_botcomponent>
  <botcomponent_botcomponent botcomponentidone.schemaname="new_topic_c5385667c6aa4c9691356c135aad3ccc_d2198a5ee41a48a5bf70ab8970145a9f_confirmedfailure" botcomponentidtwo.schemaname="new_topic_c5385667c6aa4c9691356c135aad3ccc_954135cafcd647eaae5999ad91fc08cf_talktoagent">
    <iscustomizable>1</iscustomizable>
  </botcomponent_botcomponent>
  <botcomponent_botcomponent botcomponentidone.schemaname="new_topic_c5385667c6aa4c9691356c135aad3ccc_db1f76b081dc43389df9dd2df7518737_confirmedsuccess" botcomponentidtwo.schemaname="new_customtype_c5385667c6aa4c9691356c135aad3ccc_92610204747047ac8f788f7eecd91118">
    <iscustomizable>1</iscustomizable>
  </botcomponent_botcomponent>
  <botcomponent_botcomponent botcomponentidone.schemaname="new_topic_c5385667c6aa4c9691356c135aad3ccc_db1f76b081dc43389df9dd2df7518737_confirmedsuccess" botcomponentidtwo.schemaname="new_topic_c5385667c6aa4c9691356c135aad3ccc_f56d1a3e522740c78f9fac0939332dbd_goodbye">
    <iscustomizable>1</iscustomizable>
  </botcomponent_botcomponent>
  <botcomponent_botcomponent botcomponentidone.schemaname="new_topic_c5385667c6aa4c9691356c135aad3ccc_dbafebd526364487911b63a2a774389f" botcomponentidtwo.schemaname="new_topic_c5385667c6aa4c9691356c135aad3ccc_aeabea4d071f415c8c107e1cb7af5424_assumedsuccess">
    <iscustomizable>1</iscustomizable>
  </botcomponent_botcomponent>
  <botcomponent_botcomponent botcomponentidone.schemaname="new_topic_d8499d54b96046e7b9fe0b3e0574fe5a" botcomponentidtwo.schemaname="new_customtype_3c5a7477d3c64b459902ff0fdcad7385">
    <iscustomizable>1</iscustomizable>
  </botcomponent_botcomponent>
  <botcomponent_botcomponent botcomponentidone.schemaname="new_topic_d8499d54b96046e7b9fe0b3e0574fe5a" botcomponentidtwo.schemaname="new_topic_c5385667c6aa4c9691356c135aad3ccc_aeabea4d071f415c8c107e1cb7af5424_assumedsuccess">
    <iscustomizable>1</iscustomizable>
  </botcomponent_botcomponent>
  <botcomponent_botcomponent botcomponentidone.schemaname="new_topic_e050da61e8964c7d852ebcd51e8bf11c" botcomponentidtwo.schemaname="new_variable_c5385667c6aa4c9691356c135aad3ccc_885b2188f9944be3a41a8adf168d2bae">
    <iscustomizable>1</iscustomizable>
  </botcomponent_botcomponent>
</botcomponent_botcomponentset>