<botcomponent_workflowset>
  <botcomponent_workflow botcomponentid.schemaname="new_topic_4fe40883570e4f32be1e597b110a8274" workflowid.workflowid="42b5734e-771c-ed11-b83d-000d3a23cb21">
    <iscustomizable>1</iscustomizable>
  </botcomponent_workflow>
  <botcomponent_workflow botcomponentid.schemaname="new_topic_4fe40883570e4f32be1e597b110a8274" workflowid.workflowid="fa64fcdb-751c-ed11-b83d-000d3a23cd4a">
    <iscustomizable>1</iscustomizable>
  </botcomponent_workflow>
  <botcomponent_workflow botcomponentid.schemaname="new_topic_823911a1f292402c8f259ac1f10b1a19" workflowid.workflowid="41fce8bf-3b1d-ed11-b83d-000d3a23cb21">
    <iscustomizable>1</iscustomizable>
  </botcomponent_workflow>
</botcomponent_workflowset>