<botcomponent schemaname="new_topic_c5385667c6aa4c9691356c135aad3ccc_85df75ce08a44a9b82cc8f3fdb25f669">
  <componenttype>0</componenttype>
  <description>Lektion 4 – Diese Lektion zeigt Ihnen weiterhin, wie Sie ein Thema mit einer Bedingungsverzweigung, einer Variablen und einer benutzerdefinierten Entität erstellen können.  

Insbesondere wird zugelassen, dass eine Entität eine Folgefrage umgeht. Versuchen Sie beispielsweise, einen Test mit "I möchte einen Business-Laptop." durchzuführen.</description>
  <iscustomizable>1</iscustomizable>
  <name>Lektion 4 – Ein Thema mit Bedingungen, Variablen und benutzerdefinierter Entität.</name>
  <statecode>0</statecode>
  <statuscode>1</statuscode>
</botcomponent>