<botcomponent schemaname="new_topic_c5385667c6aa4c9691356c135aad3ccc_33d5123770ba4daeafae51b361ddc80a">
  <componenttype>0</componenttype>
  <description>Lektion 1 – In dieser Lektion wird erläutert, wie Sie ein einfaches Thema mit einer Bedingungsverzweigung erstellen.

In den nächsten Lektionen zeigen wir Ihnen, wie Variablen, Bedingungen und Entitäten hinzugefügt und definiert werden.

Willkommen bei Power Virtual Agents!</description>
  <iscustomizable>1</iscustomizable>
  <name>Lektion 1 – Einfaches Thema</name>
  <statecode>0</statecode>
  <statuscode>1</statuscode>
</botcomponent>