{
  "intents": [
    {
      "triggerQueries": [
        "Wann haben Sie geschlossen?",
        "Wann haben Sie geöffnet?",
        "Ladenöffnungszeiten",
        "Tägliche Öffnungszeiten"
      ],
      "dialogId": "new_topic_c5385667c6aa4c9691356c135aad3ccc_33d5123770ba4daeafae51b361ddc80a",
      "isTriggeringEnabled": false,
      "id": "new_topic_c5385667c6aa4c9691356c135aad3ccc_33d5123770ba4daeafae51b361ddc80a",
      "displayName": "Lektion 1 – Einfaches Thema",
      "description": "Lektion 1 – In dieser Lektion wird erläutert, wie Sie ein einfaches Thema mit einer Bedingungsverzweigung erstellen.\n\nIn den nächsten Lektionen zeigen wir Ihnen, wie Variablen, Bedingungen und Entitäten hinzugefügt und definiert werden.\n\nWillkommen bei Power Virtual Agents!",
      "createdTime": "2019-01-15T00:00:00Z",
      "updatedTime": "2022-08-17T09:09:32.7023007Z",
      "createdUserId": "user0",
      "updatedUserId": "1373c664-c440-4d55-8615-a966ec8b3c51"
    }
  ],
  "dialogs": [
    {
      "rootNodeId": "e901982c-a22d-4074-b8c7-f7842977a047",
      "messageNodes": [
        {
          "botMessageId": "159e7c92-8871-41a0-a739-9f67085f995f",
          "nodeType": "BotMessageNode",
          "id": "e901982c-a22d-4074-b8c7-f7842977a047",
          "defaultTargetNodeId": "1f6c0946-4d56-4714-96f5-15e2247e953b"
        },
        {
          "botMessageId": "614e2fa3-2cf0-42e3-a2eb-18f9fb274ee6",
          "nodeType": "BotMessageNode",
          "id": "1f6c0946-4d56-4714-96f5-15e2247e953b",
          "defaultTargetNodeId": "6e127cd1-99ff-4c5e-8f3e-9ae93c0d4777"
        }
      ],
      "dialogChangeNodes": [
        {
          "targetDialogId": "new_topic_c5385667c6aa4c9691356c135aad3ccc_aeabea4d071f415c8c107e1cb7af5424_assumedsuccess",
          "nodeType": "DialogChangeNode",
          "id": "6e127cd1-99ff-4c5e-8f3e-9ae93c0d4777"
        }
      ],
      "id": "new_topic_c5385667c6aa4c9691356c135aad3ccc_33d5123770ba4daeafae51b361ddc80a",
      "displayName": "Dialog",
      "createdTime": "2019-01-15T00:00:00Z",
      "updatedTime": "2022-08-03T06:10:09.3174812Z",
      "createdUserId": "user0",
      "updatedUserId": "1373c664-c440-4d55-8615-a966ec8b3c51"
    }
  ],
  "botMessages": [
    {
      "channelContent": {
        "web": {
          "contentFormat": "Markdown",
          "content": "Ich helfe gerne bei den Ladenöffnungszeiten."
        }
      },
      "id": "159e7c92-8871-41a0-a739-9f67085f995f",
      "createdTime": "2019-01-15T00:00:00Z",
      "updatedTime": "2022-08-03T06:10:09.3174812Z",
      "createdUserId": "user0",
      "updatedUserId": "1373c664-c440-4d55-8615-a966ec8b3c51"
    },
    {
      "channelContent": {
        "web": {
          "contentFormat": "Markdown",
          "content": "Geschäftszeiten in Stuttgart:\n\n*   Mo bis Fr: 9 Uhr bis 18:00 Uhr\n*   Sa: 10 Uhr bis 16:00 Uhr\n*   So: geschlossen\n\nGeschäftszeiten in München:\n\n*   Mo bis Fr: 9:00 Uhr bis 18:00 Uhr\n*   Sa bis So: 10 Uhr bis 16:00 Uhr"
        }
      },
      "id": "614e2fa3-2cf0-42e3-a2eb-18f9fb274ee6",
      "createdTime": "2019-10-24T04:02:13.435Z",
      "updatedTime": "2022-08-03T06:10:09.3174812Z",
      "createdUserId": "user0",
      "updatedUserId": "1373c664-c440-4d55-8615-a966ec8b3c51"
    }
  ]
}