{
  "properties": {
    "connectionReferences": {
      "shared_commondataserviceforapps": {
        "runtimeSource": "embedded",
        "connection": {
          "connectionReferenceLogicalName": "new_sharedcommondataserviceforapps_24433"
        },
        "api": {
          "name": "shared_commondataserviceforapps"
        }
      }
    },
    "definition": {
      "$schema": "https://schema.management.azure.com/providers/Microsoft.Logic/schemas/2016-06-01/workflowdefinition.json#",
      "contentVersion": "1.0.0.0",
      "parameters": {
        "$connections": {
          "defaultValue": {},
          "type": "Object"
        },
        "$authentication": {
          "defaultValue": {},
          "type": "SecureObject"
        }
      },
      "triggers": {
        "manual": {
          "metadata": {
            "operationMetadataId": "da25a59f-1f3a-4d84-9ad2-bca9ea7785cd"
          },
          "type": "Request",
          "kind": "VirtualAgent",
          "inputs": {
            "schema": {
              "type": "object",
              "properties": {
                "text": {
                  "title": "E-Mail",
                  "type": "string",
                  "x-ms-dynamically-added": true,
                  "description": "Please enter your input",
                  "x-ms-content-hint": "TEXT"
                },
                "text_1": {
                  "title": "Postleitzahl",
                  "type": "string",
                  "x-ms-dynamically-added": true,
                  "description": "Please enter your input",
                  "x-ms-content-hint": "TEXT"
                },
                "text_2": {
                  "title": "Ort",
                  "type": "string",
                  "x-ms-dynamically-added": true,
                  "description": "Please enter your input",
                  "x-ms-content-hint": "TEXT"
                },
                "text_3": {
                  "title": "Bundesland",
                  "type": "string",
                  "x-ms-dynamically-added": true,
                  "description": "Please enter your input",
                  "x-ms-content-hint": "TEXT"
                }
              },
              "required": [
                "text",
                "text_1",
                "text_2",
                "text_3"
              ]
            }
          }
        }
      },
      "actions": {
        "Return_value(s)_to_Power_Virtual_Agents": {
          "runAfter": {
            "Condition": [
              "Succeeded"
            ]
          },
          "metadata": {
            "operationMetadataId": "8985d77e-8361-41a7-99e2-b22796271be3"
          },
          "type": "Response",
          "kind": "VirtualAgent",
          "inputs": {
            "statusCode": 200,
            "body": {
              "adressänderung_status": "@variables('Status')"
            },
            "schema": {
              "type": "object",
              "properties": {
                "adressänderung_status": {
                  "title": "Adressänderung_Status",
                  "x-ms-dynamically-added": true,
                  "type": "string"
                }
              }
            }
          }
        },
        "Status_Variable": {
          "runAfter": {},
          "metadata": {
            "operationMetadataId": "82012988-f3ac-4e5d-bcbe-4840ea6e09a9"
          },
          "type": "InitializeVariable",
          "inputs": {
            "variables": [
              {
                "name": "Status",
                "type": "string",
                "value": "Nicht erfolgreich"
              }
            ]
          }
        },
        "NächsteFiliale_Variable": {
          "runAfter": {
            "Status_Variable": [
              "Succeeded"
            ]
          },
          "metadata": {
            "operationMetadataId": "a9458cf2-7dde-44d9-b16d-4c4e6693f5c7"
          },
          "type": "InitializeVariable",
          "inputs": {
            "variables": [
              {
                "name": "NächsteFiliale",
                "type": "string",
                "value": "@triggerBody()['text_3']"
              }
            ]
          }
        },
        "Kundenstammdaten_suchen": {
          "runAfter": {
            "NächsteFiliale_Variable": [
              "Succeeded"
            ]
          },
          "metadata": {
            "operationMetadataId": "6567fab5-14ca-436c-ba02-a73f2b861a02"
          },
          "type": "OpenApiConnection",
          "inputs": {
            "host": {
              "connectionName": "shared_commondataserviceforapps",
              "operationId": "ListRecords",
              "apiId": "/providers/Microsoft.PowerApps/apis/shared_commondataserviceforapps"
            },
            "parameters": {
              "entityName": "cr5e3_kundes",
              "$filter": "cr5e3_email eq '@{triggerBody()['text']}'",
              "$top": 1
            },
            "authentication": "@parameters('$authentication')"
          }
        },
        "Kundenstammdaten_aktualisieren": {
          "runAfter": {
            "Kundenstammdaten_suchen": [
              "Succeeded"
            ]
          },
          "metadata": {
            "operationMetadataId": "0963e2d8-22a7-46d4-96f0-6de226e2ddc1"
          },
          "type": "OpenApiConnection",
          "inputs": {
            "host": {
              "connectionName": "shared_commondataserviceforapps",
              "operationId": "UpdateRecord",
              "apiId": "/providers/Microsoft.PowerApps/apis/shared_commondataserviceforapps"
            },
            "parameters": {
              "entityName": "cr5e3_kundes",
              "recordId": "@first(outputs('Kundenstammdaten_suchen')?['body/value'])?['cr5e3_kundeid']",
              "item/cr5e3_postleitzahl": "@triggerBody()['text_1']",
              "item/cr5e3_nachstefiliale": "@triggerBody()['text_3']",
              "item/cr5e3_ort": "@triggerBody()['text_2']"
            },
            "authentication": "@parameters('$authentication')"
          }
        },
        "Condition": {
          "actions": {
            "Status:_Erfolgreich": {
              "runAfter": {},
              "metadata": {
                "operationMetadataId": "d4b62b74-7df9-4e7b-b350-e245aa5863bf"
              },
              "type": "SetVariable",
              "inputs": {
                "name": "Status",
                "value": "Erfolgreich"
              }
            }
          },
          "runAfter": {
            "Kundenstammdaten_aktualisieren": [
              "Succeeded"
            ]
          },
          "expression": {
            "equals": [
              "@length(outputs('Kundenstammdaten_suchen')?['body/value'])",
              1
            ]
          },
          "metadata": {
            "operationMetadataId": "7acdd98e-70ed-458d-8e05-20fe9ee7b419"
          },
          "type": "If"
        }
      },
      "outputs": {}
    }
  },
  "schemaVersion": "1.0.0.0"
}