{
  "properties": {
    "connectionReferences": {
      "shared_commondataserviceforapps": {
        "runtimeSource": "embedded",
        "connection": {
          "connectionReferenceLogicalName": "new_sharedcommondataserviceforapps_24433"
        },
        "api": {
          "name": "shared_commondataserviceforapps"
        }
      }
    },
    "definition": {
      "$schema": "https://schema.management.azure.com/providers/Microsoft.Logic/schemas/2016-06-01/workflowdefinition.json#",
      "contentVersion": "1.0.0.0",
      "parameters": {
        "$connections": {
          "defaultValue": {},
          "type": "Object"
        },
        "$authentication": {
          "defaultValue": {},
          "type": "SecureObject"
        }
      },
      "triggers": {
        "manual": {
          "metadata": {
            "operationMetadataId": "1edbf487-dd6b-4650-b6f6-a4dd16067306"
          },
          "type": "Request",
          "kind": "VirtualAgent",
          "inputs": {
            "schema": {
              "type": "object",
              "properties": {
                "text": {
                  "title": "Bestellnummer",
                  "type": "string",
                  "x-ms-dynamically-added": true,
                  "description": "Please enter your input",
                  "x-ms-content-hint": "TEXT"
                },
                "text_1": {
                  "title": "Nachname",
                  "type": "string",
                  "x-ms-dynamically-added": true,
                  "description": "Please enter your input",
                  "x-ms-content-hint": "TEXT"
                }
              },
              "required": [
                "text",
                "text_1"
              ]
            }
          }
        }
      },
      "actions": {
        "Return_value(s)_to_Power_Virtual_Agents": {
          "runAfter": {
            "Prüfung:_Bestellung_gefunden": [
              "Succeeded"
            ]
          },
          "metadata": {
            "operationMetadataId": "00989866-580b-46f4-8d6c-edf32f47bbcb"
          },
          "type": "Response",
          "kind": "VirtualAgent",
          "inputs": {
            "statusCode": 200,
            "body": {
              "betrag": "@variables('Bestellwert')",
              "statusbestellungabrufen": "@variables('Status')",
              "postleitzahl": "@variables('Postleitzahl')",
              "email": "@variables('E-Mail')"
            },
            "schema": {
              "type": "object",
              "properties": {
                "betrag": {
                  "title": "Betrag",
                  "x-ms-dynamically-added": true,
                  "type": "number"
                },
                "statusbestellungabrufen": {
                  "title": "StatusBestellungAbrufen",
                  "x-ms-dynamically-added": true,
                  "type": "string"
                },
                "postleitzahl": {
                  "title": "Postleitzahl",
                  "x-ms-dynamically-added": true,
                  "type": "string"
                },
                "email": {
                  "title": "Email",
                  "x-ms-dynamically-added": true,
                  "type": "string"
                }
              }
            }
          }
        },
        "Bestellwert_Variable": {
          "runAfter": {},
          "metadata": {
            "operationMetadataId": "d1490c2b-48ad-457e-b568-046903a14e56"
          },
          "type": "InitializeVariable",
          "inputs": {
            "variables": [
              {
                "name": "Bestellwert",
                "type": "float"
              }
            ]
          }
        },
        "Status_Variable": {
          "runAfter": {
            "Postleitzahl_Variable": [
              "Succeeded"
            ]
          },
          "metadata": {
            "operationMetadataId": "ca1d7e30-b8f9-4b0f-8714-42b71c93363b"
          },
          "type": "InitializeVariable",
          "inputs": {
            "variables": [
              {
                "name": "Status",
                "type": "string",
                "value": "Bestellung nicht gefunden"
              }
            ]
          }
        },
        "E-Mail_Variable": {
          "runAfter": {
            "Bestellwert_Variable": [
              "Succeeded"
            ]
          },
          "metadata": {
            "operationMetadataId": "af10b7c3-8465-4b30-92fb-8dcced9c4182"
          },
          "type": "InitializeVariable",
          "inputs": {
            "variables": [
              {
                "name": "E-Mail",
                "type": "string"
              }
            ]
          }
        },
        "Prüfung:_Bestellung_gefunden": {
          "actions": {
            "Status:_Bestellung_gefunden": {
              "runAfter": {},
              "metadata": {
                "operationMetadataId": "905ee3b8-d4e8-446f-94d3-626033cf03de"
              },
              "type": "SetVariable",
              "inputs": {
                "name": "Status",
                "value": "Bestellung gefunden"
              }
            },
            "E-Mail:_aus_Kundenstammdaten": {
              "runAfter": {
                "Bestellwert:_aus_Bestellung": [
                  "Succeeded"
                ]
              },
              "metadata": {
                "operationMetadataId": "ae929926-7907-4b9b-b893-e82908394b09"
              },
              "type": "SetVariable",
              "inputs": {
                "name": "E-Mail",
                "value": "@outputs('Kundenstammdaten_abrufen')?['body/cr5e3_email']"
              }
            },
            "Postleitzahl:_aus_Kundenstammdaten": {
              "runAfter": {
                "E-Mail:_aus_Kundenstammdaten": [
                  "Succeeded"
                ]
              },
              "metadata": {
                "operationMetadataId": "ef2c3efc-761d-47df-8d67-c453132064d0"
              },
              "type": "SetVariable",
              "inputs": {
                "name": "Postleitzahl",
                "value": "@outputs('Kundenstammdaten_abrufen')?['body/cr5e3_postleitzahl']"
              }
            },
            "Nächste_Filiale:_aus_Kundenstammdaten": {
              "runAfter": {
                "Postleitzahl:_aus_Kundenstammdaten": [
                  "Succeeded"
                ]
              },
              "metadata": {
                "operationMetadataId": "5f97c632-de16-4c4a-bbc9-ae09e6586ef7"
              },
              "type": "SetVariable",
              "inputs": {
                "name": "NächsteFiliale",
                "value": "@outputs('Kundenstammdaten_abrufen')?['body/cr5e3_nachstefiliale']"
              }
            },
            "Bestellwert:_aus_Bestellung": {
              "runAfter": {
                "Status:_Bestellung_gefunden": [
                  "Succeeded"
                ]
              },
              "metadata": {
                "operationMetadataId": "770365a4-0005-42db-a99d-0d0eac7c5b75"
              },
              "type": "SetVariable",
              "inputs": {
                "name": "Bestellwert",
                "value": "@first(outputs('Bestellung_suchen')?['body/value'])?['cr5e3_betrag']"
              }
            }
          },
          "runAfter": {
            "Kundenstammdaten_abrufen": [
              "Succeeded",
              "Failed",
              "Skipped"
            ]
          },
          "else": {
            "actions": {
              "Status:_Bestellung_nicht_gefunden": {
                "runAfter": {},
                "metadata": {
                  "operationMetadataId": "6e0a7b88-0cb9-4790-94d7-6909e7c7094d"
                },
                "type": "SetVariable",
                "inputs": {
                  "name": "Status",
                  "value": "Bestellung nicht gefunden"
                }
              }
            }
          },
          "expression": {
            "and": [
              {
                "equals": [
                  "@length(outputs('Bestellung_suchen')?['body/value'])",
                  1
                ]
              },
              {
                "equals": [
                  "@outputs('Kundenstammdaten_abrufen')?['body/cr5e3_nachname']",
                  "@replace(triggerBody()['text_1'],' |','')"
                ]
              }
            ]
          },
          "metadata": {
            "operationMetadataId": "73049e79-64ab-42a3-9898-19edbc446233"
          },
          "type": "If"
        },
        "Postleitzahl_Variable": {
          "runAfter": {
            "E-Mail_Variable": [
              "Succeeded"
            ]
          },
          "metadata": {
            "operationMetadataId": "beff3500-3f6f-48e1-b87e-31944ff7e821"
          },
          "type": "InitializeVariable",
          "inputs": {
            "variables": [
              {
                "name": "Postleitzahl",
                "type": "string"
              }
            ]
          }
        },
        "NächsteFiliale_Variable": {
          "runAfter": {
            "Status_Variable": [
              "Succeeded"
            ]
          },
          "metadata": {
            "operationMetadataId": "0b9bf457-5d8a-49d9-b6e6-8fc57ea7dec7"
          },
          "type": "InitializeVariable",
          "inputs": {
            "variables": [
              {
                "name": "NächsteFiliale",
                "type": "string"
              }
            ]
          }
        },
        "Bestellung_suchen": {
          "runAfter": {
            "NächsteFiliale_Variable": [
              "Succeeded"
            ]
          },
          "metadata": {
            "operationMetadataId": "4c4d9791-e756-4f10-a994-d7bb5ba9a0c1"
          },
          "type": "OpenApiConnection",
          "inputs": {
            "host": {
              "connectionName": "shared_commondataserviceforapps",
              "operationId": "ListRecords",
              "apiId": "/providers/Microsoft.PowerApps/apis/shared_commondataserviceforapps"
            },
            "parameters": {
              "entityName": "cr5e3_bestellungs",
              "$filter": "cr5e3_bestellnummer eq '@{triggerBody()['text']}'",
              "$top": 1
            },
            "authentication": "@parameters('$authentication')"
          }
        },
        "Kundenstammdaten_abrufen": {
          "runAfter": {
            "Bestellung_suchen": [
              "Succeeded"
            ]
          },
          "metadata": {
            "operationMetadataId": "86812673-74ac-451f-b40c-88ba650feebd"
          },
          "type": "OpenApiConnection",
          "inputs": {
            "host": {
              "connectionName": "shared_commondataserviceforapps",
              "operationId": "GetItem",
              "apiId": "/providers/Microsoft.PowerApps/apis/shared_commondataserviceforapps"
            },
            "parameters": {
              "entityName": "cr5e3_kundes",
              "recordId": "@first(outputs('Bestellung_suchen')?['body/value'])?['_cr5e3_kunde_value']"
            },
            "authentication": "@parameters('$authentication')"
          }
        }
      },
      "outputs": {}
    }
  },
  "schemaVersion": "1.0.0.0"
}