{
  "properties": {
    "connectionReferences": {
      "shared_commondataserviceforapps": {
        "runtimeSource": "embedded",
        "connection": {
          "connectionReferenceLogicalName": "new_sharedcommondataserviceforapps_24433"
        },
        "api": {
          "name": "shared_commondataserviceforapps"
        }
      },
      "shared_wordonlinebusiness": {
        "runtimeSource": "embedded",
        "connection": {
          "connectionReferenceLogicalName": "new_sharedwordonlinebusiness_54a1e"
        },
        "api": {
          "name": "shared_wordonlinebusiness"
        }
      },
      "shared_sharepointonline": {
        "runtimeSource": "embedded",
        "connection": {
          "connectionReferenceLogicalName": "new_sharedsharepointonline_8e4c0"
        },
        "api": {
          "name": "shared_sharepointonline"
        }
      },
      "shared_office365": {
        "runtimeSource": "embedded",
        "connection": {
          "connectionReferenceLogicalName": "cr967_sharedoffice365_6b710"
        },
        "api": {
          "name": "shared_office365"
        }
      }
    },
    "definition": {
      "$schema": "https://schema.management.azure.com/providers/Microsoft.Logic/schemas/2016-06-01/workflowdefinition.json#",
      "contentVersion": "1.0.0.0",
      "parameters": {
        "$connections": {
          "defaultValue": {},
          "type": "Object"
        },
        "$authentication": {
          "defaultValue": {},
          "type": "SecureObject"
        }
      },
      "triggers": {
        "manual": {
          "metadata": {
            "operationMetadataId": "3b183e2d-ee4f-4279-99f1-a2b5bb48fbb9"
          },
          "type": "Request",
          "kind": "VirtualAgent",
          "inputs": {
            "schema": {
              "type": "object",
              "properties": {
                "text": {
                  "title": "Bestellnummer",
                  "type": "string",
                  "x-ms-dynamically-added": true,
                  "description": "Please enter your input",
                  "x-ms-content-hint": "TEXT"
                }
              },
              "required": [
                "text"
              ]
            }
          }
        }
      },
      "actions": {
        "Return_value(s)_to_Power_Virtual_Agents": {
          "runAfter": {
            "Scope_2": [
              "Succeeded"
            ]
          },
          "metadata": {
            "operationMetadataId": "7beabeec-a6d6-451e-83c2-fbaf641655bf"
          },
          "type": "Response",
          "kind": "VirtualAgent",
          "inputs": {
            "statusCode": 200,
            "body": {
              "status": "erfolgreich"
            },
            "schema": {
              "type": "object",
              "properties": {
                "status": {
                  "title": "Status",
                  "x-ms-dynamically-added": true,
                  "type": "string"
                }
              }
            }
          }
        },
        "Bestellung_suchen": {
          "runAfter": {},
          "metadata": {
            "operationMetadataId": "4c4d9791-e756-4f10-a994-d7bb5ba9a0c1"
          },
          "type": "OpenApiConnection",
          "inputs": {
            "host": {
              "connectionName": "shared_commondataserviceforapps",
              "operationId": "ListRecords",
              "apiId": "/providers/Microsoft.PowerApps/apis/shared_commondataserviceforapps"
            },
            "parameters": {
              "entityName": "cr5e3_bestellungs",
              "$filter": "cr5e3_bestellnummer eq '@{triggerBody()['text']}'",
              "$top": 1
            },
            "authentication": "@parameters('$authentication')"
          }
        },
        "Scope_2": {
          "actions": {
            "Betrag_formattieren": {
              "runAfter": {},
              "metadata": {
                "operationMetadataId": "7ea948d2-40e1-4723-a3a5-ec254fa98ee8"
              },
              "type": "Expression",
              "kind": "FormatNumber",
              "inputs": {
                "number": "@first(outputs('Bestellung_suchen')?['body/value'])?['cr5e3_betrag']",
                "format": "C2",
                "locale": "de-DE"
              }
            },
            "Rücksendelabel_erstellen": {
              "runAfter": {
                "Betrag_formattieren": [
                  "Succeeded"
                ]
              },
              "metadata": {
                "01W2MOWN3XYH2ONVM2MRFZRKBV24HG77IA": "/Rücksendelabel_V0-01.docx",
                "operationMetadataId": "1445536b-612e-49ca-9f2a-29968f09bbd5",
                "014CFFJBKCJ6LFFRPQ5VH3ICDYU5ZHSBGC": "/Rücksendelabel_V0-01.docx"
              },
              "type": "OpenApiConnection",
              "inputs": {
                "host": {
                  "connectionName": "shared_wordonlinebusiness",
                  "operationId": "CreateFileItem",
                  "apiId": "/providers/Microsoft.PowerApps/apis/shared_wordonlinebusiness"
                },
                "parameters": {
                  "source": "https://pvainaday24082022.sharepoint.com/",
                  "drive": "b!TVZvZRWdSEe4dW50GYNtr8FG0v0i3QBAm4z8XLXYp6OP5thiLrhgQaeQUkbLLuTa",
                  "file": "014CFFJBKCJ6LFFRPQ5VH3ICDYU5ZHSBGC",
                  "dynamicFileSchema/741147451": "@body('Betrag_formattieren')",
                  "dynamicFileSchema/1044406786": "@triggerBody()['text']",
                  "dynamicFileSchema/-1432892441": "@{outputs('Kundenstammdaten_abrufen')?['body/cr5e3_vorname']} @{outputs('Kundenstammdaten_abrufen')?['body/cr5e3_nachname']}"
                },
                "authentication": "@parameters('$authentication')"
              }
            },
            "Dokumentenname": {
              "runAfter": {
                "Rücksendelabel_erstellen": [
                  "Succeeded"
                ]
              },
              "metadata": {
                "operationMetadataId": "2cc10ebe-b8a8-43ed-b730-31ad8979086e"
              },
              "type": "Compose",
              "inputs": "@replace(triggerBody()['text'],'#','')"
            },
            "Rücksendelabel_speichern": {
              "runAfter": {
                "Dokumentenname": [
                  "Succeeded"
                ]
              },
              "metadata": {
                "operationMetadataId": "8400755f-8e6d-429f-8620-e3a87da0777e"
              },
              "type": "OpenApiConnection",
              "inputs": {
                "host": {
                  "connectionName": "shared_sharepointonline",
                  "operationId": "CreateFile",
                  "apiId": "/providers/Microsoft.PowerApps/apis/shared_sharepointonline"
                },
                "parameters": {
                  "dataset": "https://pvainaday24082022.sharepoint.com",
                  "folderPath": "/Shared Documents",
                  "name": "Rücksendelabel @{outputs('Dokumentenname')}.docx",
                  "body": "@body('Rücksendelabel_erstellen')"
                },
                "authentication": "@parameters('$authentication')"
              },
              "runtimeConfiguration": {
                "contentTransfer": {
                  "transferMode": "Chunked"
                }
              }
            },
            "Convert_Word_Document_to_PDF": {
              "runAfter": {
                "Rücksendelabel_speichern": [
                  "Succeeded"
                ]
              },
              "metadata": {
                "operationMetadataId": "5b0ba1ef-89b0-4bd7-9eb0-ad1e90fc41a8"
              },
              "type": "OpenApiConnection",
              "inputs": {
                "host": {
                  "connectionName": "shared_wordonlinebusiness",
                  "operationId": "GetFilePDF",
                  "apiId": "/providers/Microsoft.PowerApps/apis/shared_wordonlinebusiness"
                },
                "parameters": {
                  "source": "https://pvainaday24082022.sharepoint.com/",
                  "drive": "b!TVZvZRWdSEe4dW50GYNtr8FG0v0i3QBAm4z8XLXYp6OP5thiLrhgQaeQUkbLLuTa",
                  "file": "@outputs('Rücksendelabel_speichern')?['body/Name']"
                },
                "authentication": "@parameters('$authentication')"
              }
            },
            "Rücksendelabel_an_Kunden_senden": {
              "runAfter": {
                "Convert_Word_Document_to_PDF": [
                  "Succeeded"
                ]
              },
              "metadata": {
                "operationMetadataId": "8bbcc50d-19c7-4136-8edb-a49a33752219"
              },
              "type": "OpenApiConnection",
              "inputs": {
                "host": {
                  "connectionName": "shared_office365",
                  "operationId": "SendEmailV2",
                  "apiId": "/providers/Microsoft.PowerApps/apis/shared_office365"
                },
                "parameters": {
                  "emailMessage/To": "christian.pirlich@global.ntt",
                  "emailMessage/Subject": "Ihr Rücksendelabel für Bestellung @{triggerBody()['text']}",
                  "emailMessage/Body": "<p>Hallo @{outputs('Kundenstammdaten_abrufen')?['body/cr5e3_vorname']},<br>\n<br>\nim Anhang sende ich Ihnen das Rücksendelabel zu Bestellung @{triggerBody()['text']}.<br>\n<br>\nViele Grüße</p>",
                  "emailMessage/Attachments": [
                    {
                      "Name": "Rücksendelabel für Bestellung @{outputs('Dokumentenname')}.pdf",
                      "ContentBytes": "@body('Convert_Word_Document_to_PDF')"
                    }
                  ],
                  "emailMessage/Importance": "Normal"
                },
                "authentication": "@parameters('$authentication')"
              }
            },
            "Datei_löschen": {
              "runAfter": {
                "Rücksendelabel_an_Kunden_senden": [
                  "Succeeded"
                ]
              },
              "metadata": {
                "operationMetadataId": "f1cf56cd-890a-429b-a41a-2c3018e55d25"
              },
              "type": "OpenApiConnection",
              "inputs": {
                "host": {
                  "connectionName": "shared_sharepointonline",
                  "operationId": "DeleteFile",
                  "apiId": "/providers/Microsoft.PowerApps/apis/shared_sharepointonline"
                },
                "parameters": {
                  "dataset": "https://pvainaday24082022.sharepoint.com",
                  "id": "@outputs('Rücksendelabel_speichern')?['body/Id']"
                },
                "authentication": "@parameters('$authentication')"
              }
            }
          },
          "runAfter": {
            "Kundenstammdaten_abrufen": [
              "Succeeded"
            ]
          },
          "metadata": {
            "operationMetadataId": "a5e73d49-ced8-4ab7-8241-8b11a721c9f0"
          },
          "type": "Scope"
        },
        "Kundenstammdaten_abrufen": {
          "runAfter": {
            "Bestellung_suchen": [
              "Succeeded"
            ]
          },
          "metadata": {
            "operationMetadataId": "86812673-74ac-451f-b40c-88ba650feebd"
          },
          "type": "OpenApiConnection",
          "inputs": {
            "host": {
              "connectionName": "shared_commondataserviceforapps",
              "operationId": "GetItem",
              "apiId": "/providers/Microsoft.PowerApps/apis/shared_commondataserviceforapps"
            },
            "parameters": {
              "entityName": "cr5e3_kundes",
              "recordId": "@first(outputs('Bestellung_suchen')?['body/value'])?['_cr5e3_kunde_value']"
            },
            "authentication": "@parameters('$authentication')"
          }
        }
      },
      "outputs": {}
    }
  },
  "schemaVersion": "1.0.0.0"
}