<botcomponent schemaname="new_topic_c5385667c6aa4c9691356c135aad3ccc_21a34f1673a24096a99ba0effb63cc1d">
  <componenttype>0</componenttype>
  <description>Lektion 2 – In dieser Lektion wird erläutert, wie Sie ein einfaches Thema mit einer Bedingungsverzweigung und einer Variablen erstellen.

Eine Variable ist ein Name für ein Element, das im späteren Themenfluss verwendet wird. In diesem Beispiel lautet der Name der Variablen "pva_StoreLocation", wenn Sie den Benutzer nach seinem bevorzugten Filialstandort fragen.</description>
  <iscustomizable>1</iscustomizable>
  <name>Lektion 2 - Ein einfaches Thema mit einer Bedingung und einer Variablen</name>
  <statecode>0</statecode>
  <statuscode>1</statuscode>
</botcomponent>