{
  "intents": [
    {
      "triggerQueries": [
        "Umzug",
        "Mein Wohnort hat sich geändert",
        "Meine Postleitzahl hat sich geändert",
        "Ich wohne in einem neuen Ort",
        "Adressänderung",
        "Ich bin umgezogen",
        "Ich möchte meine Adresse ändern"
      ],
      "dialogId": "new_topic_613be59e37d44149aac0a1edc6873fd2",
      "isTriggeringEnabled": false,
      "id": "new_topic_613be59e37d44149aac0a1edc6873fd2",
      "displayName": "Adressänderung",
      "createdTime": "2022-08-16T06:52:23.0131605Z",
      "updatedTime": "2022-08-19T13:37:13.0346565Z",
      "createdUserId": "1373c664-c440-4d55-8615-a966ec8b3c51",
      "updatedUserId": "7cc38f2f-341a-4263-a890-917647e3fa51"
    }
  ],
  "dialogs": [
    {
      "rootNodeId": "95013bd6-99de-4f11-b52a-f5f3e4fb55a1",
      "messageNodes": [
        {
          "botMessageId": "86c7106f-fd06-46ce-8577-ea0566756d86",
          "nodeType": "BotMessageNode",
          "id": "e2efd582-b94e-484e-b627-ba912e7502a4",
          "defaultTargetNodeId": "ff252116-5747-48f5-a9f0-7655aef88d90"
        }
      ],
      "dialogChangeNodes": [
        {
          "targetDialogId": "new_topic_823911a1f292402c8f259ac1f10b1a19",
          "nodeType": "DialogChangeNode",
          "id": "95013bd6-99de-4f11-b52a-f5f3e4fb55a1",
          "defaultTargetNodeId": "e2efd582-b94e-484e-b627-ba912e7502a4"
        },
        {
          "targetDialogId": "new_topic_c5385667c6aa4c9691356c135aad3ccc_aeabea4d071f415c8c107e1cb7af5424_assumedsuccess",
          "nodeType": "DialogChangeNode",
          "id": "ff252116-5747-48f5-a9f0-7655aef88d90"
        }
      ],
      "id": "new_topic_613be59e37d44149aac0a1edc6873fd2",
      "displayName": "Untitled",
      "createdTime": "2022-08-16T06:52:23.0131605Z",
      "updatedTime": "2022-08-19T13:36:56.9333008Z",
      "createdUserId": "1373c664-c440-4d55-8615-a966ec8b3c51",
      "updatedUserId": "7cc38f2f-341a-4263-a890-917647e3fa51"
    }
  ],
  "botMessages": [
    {
      "channelContent": {
        "web": {
          "contentFormat": "Markdown",
          "content": "Vielen Dank. Ich habe Ihre Adresse geändert."
        }
      },
      "id": "86c7106f-fd06-46ce-8577-ea0566756d86",
      "createdTime": "2022-08-16T06:51:03.64Z",
      "updatedTime": "2022-08-16T06:51:03.64Z"
    }
  ]
}