{
  "namedEntities": [
    {
      "synonyms": [
        "BW"
      ],
      "id": "4b048a20-0f3f-4fcf-a591-163871baf370",
      "displayName": "Baden-Württemberg",
      "createdTime": "2022-08-22T07:20:11.93648Z",
      "updatedTime": "2022-08-22T07:39:13.0276094Z",
      "createdUserId": "7cc38f2f-341a-4263-a890-917647e3fa51",
      "updatedUserId": "7cc38f2f-341a-4263-a890-917647e3fa51"
    },
    {
      "id": "0ff7a3ed-27f9-4bfb-9dd5-b678bb9fad4a",
      "displayName": "Bayern",
      "createdTime": "2022-08-22T07:20:11.93648Z",
      "updatedTime": "2022-08-22T07:39:13.0276094Z",
      "createdUserId": "7cc38f2f-341a-4263-a890-917647e3fa51",
      "updatedUserId": "7cc38f2f-341a-4263-a890-917647e3fa51"
    },
    {
      "id": "978e89fb-42a4-438e-982e-e90bf50093a4",
      "displayName": "Berlin",
      "createdTime": "2022-08-22T07:20:11.93648Z",
      "updatedTime": "2022-08-22T07:39:13.0276094Z",
      "createdUserId": "7cc38f2f-341a-4263-a890-917647e3fa51",
      "updatedUserId": "7cc38f2f-341a-4263-a890-917647e3fa51"
    },
    {
      "id": "f2c386e0-62f9-4194-a930-425002034cb7",
      "displayName": "Brandenburg",
      "createdTime": "2022-08-22T07:20:11.93648Z",
      "updatedTime": "2022-08-22T07:39:13.0276094Z",
      "createdUserId": "7cc38f2f-341a-4263-a890-917647e3fa51",
      "updatedUserId": "7cc38f2f-341a-4263-a890-917647e3fa51"
    },
    {
      "id": "6fd3e286-4a72-4704-8226-2aa9f966a6e1",
      "displayName": "Bremen",
      "createdTime": "2022-08-22T07:20:11.93648Z",
      "updatedTime": "2022-08-22T07:39:13.0276094Z",
      "createdUserId": "7cc38f2f-341a-4263-a890-917647e3fa51",
      "updatedUserId": "7cc38f2f-341a-4263-a890-917647e3fa51"
    },
    {
      "id": "74d93501-b14f-4840-abfd-42b4a63353ed",
      "displayName": "Hamburg",
      "createdTime": "2022-08-22T07:20:11.93648Z",
      "updatedTime": "2022-08-22T07:39:13.0276094Z",
      "createdUserId": "7cc38f2f-341a-4263-a890-917647e3fa51",
      "updatedUserId": "7cc38f2f-341a-4263-a890-917647e3fa51"
    },
    {
      "id": "888d45e3-71cc-4df8-b8f1-dfd5568b28dd",
      "displayName": "Hessen",
      "createdTime": "2022-08-22T07:20:11.93648Z",
      "updatedTime": "2022-08-22T07:39:13.0276094Z",
      "createdUserId": "7cc38f2f-341a-4263-a890-917647e3fa51",
      "updatedUserId": "7cc38f2f-341a-4263-a890-917647e3fa51"
    },
    {
      "synonyms": [
        "MV"
      ],
      "id": "fa05aadc-9358-43d5-bb6e-9647422b6abf",
      "displayName": "Mecklenburg-Vorpommern",
      "createdTime": "2022-08-22T07:20:11.93648Z",
      "updatedTime": "2022-08-22T07:39:13.0276094Z",
      "createdUserId": "7cc38f2f-341a-4263-a890-917647e3fa51",
      "updatedUserId": "7cc38f2f-341a-4263-a890-917647e3fa51"
    },
    {
      "id": "34626bc3-f67a-4e1a-904a-cf88f63fefe4",
      "displayName": "Niedersachsen",
      "createdTime": "2022-08-22T07:20:11.93648Z",
      "updatedTime": "2022-08-22T07:39:13.0276094Z",
      "createdUserId": "7cc38f2f-341a-4263-a890-917647e3fa51",
      "updatedUserId": "7cc38f2f-341a-4263-a890-917647e3fa51"
    },
    {
      "synonyms": [
        "NRW"
      ],
      "id": "27b9ecc0-d95e-4f55-bb76-38719ef3bdd5",
      "displayName": "Nordrhein-Westfalen",
      "createdTime": "2022-08-22T07:20:11.93648Z",
      "updatedTime": "2022-08-22T07:39:13.0276094Z",
      "createdUserId": "7cc38f2f-341a-4263-a890-917647e3fa51",
      "updatedUserId": "7cc38f2f-341a-4263-a890-917647e3fa51"
    },
    {
      "synonyms": [
        "RP"
      ],
      "id": "44603f8b-245b-4121-902d-3ceb9ac86884",
      "displayName": "Rheinland-Pfalz",
      "createdTime": "2022-08-22T07:20:11.93648Z",
      "updatedTime": "2022-08-22T07:39:13.0276094Z",
      "createdUserId": "7cc38f2f-341a-4263-a890-917647e3fa51",
      "updatedUserId": "7cc38f2f-341a-4263-a890-917647e3fa51"
    },
    {
      "id": "de75a874-6a67-45d4-9399-9b9f3b01a630",
      "displayName": "Saarland",
      "createdTime": "2022-08-22T07:20:11.93648Z",
      "updatedTime": "2022-08-22T07:39:13.0276094Z",
      "createdUserId": "7cc38f2f-341a-4263-a890-917647e3fa51",
      "updatedUserId": "7cc38f2f-341a-4263-a890-917647e3fa51"
    },
    {
      "id": "9e0deac5-a357-4d6d-af00-31c641736f55",
      "displayName": "Sachsen",
      "createdTime": "2022-08-22T07:20:11.93648Z",
      "updatedTime": "2022-08-22T07:39:13.0276094Z",
      "createdUserId": "7cc38f2f-341a-4263-a890-917647e3fa51",
      "updatedUserId": "7cc38f2f-341a-4263-a890-917647e3fa51"
    },
    {
      "id": "931d8040-12a2-4e27-a677-ede1932715d9",
      "displayName": "Sachsen-Anhalt",
      "createdTime": "2022-08-22T07:20:11.93648Z",
      "updatedTime": "2022-08-22T07:39:13.0276094Z",
      "createdUserId": "7cc38f2f-341a-4263-a890-917647e3fa51",
      "updatedUserId": "7cc38f2f-341a-4263-a890-917647e3fa51"
    },
    {
      "synonyms": [
        "SH"
      ],
      "id": "fc27966a-a630-4846-abf5-646c32335171",
      "displayName": "Schleswig-Holstein",
      "createdTime": "2022-08-22T07:20:11.93648Z",
      "updatedTime": "2022-08-22T07:39:13.0276094Z",
      "createdUserId": "7cc38f2f-341a-4263-a890-917647e3fa51",
      "updatedUserId": "7cc38f2f-341a-4263-a890-917647e3fa51"
    },
    {
      "id": "050855e0-78f9-4868-9384-f13b1b267062",
      "displayName": "Thüringen",
      "createdTime": "2022-08-22T07:20:11.93648Z",
      "updatedTime": "2022-08-22T07:39:13.0276094Z",
      "createdUserId": "7cc38f2f-341a-4263-a890-917647e3fa51",
      "updatedUserId": "7cc38f2f-341a-4263-a890-917647e3fa51"
    }
  ],
  "closedListTypes": [
    {
      "namedEntities": [
        "4b048a20-0f3f-4fcf-a591-163871baf370",
        "0ff7a3ed-27f9-4bfb-9dd5-b678bb9fad4a",
        "978e89fb-42a4-438e-982e-e90bf50093a4",
        "f2c386e0-62f9-4194-a930-425002034cb7",
        "6fd3e286-4a72-4704-8226-2aa9f966a6e1",
        "74d93501-b14f-4840-abfd-42b4a63353ed",
        "888d45e3-71cc-4df8-b8f1-dfd5568b28dd",
        "fa05aadc-9358-43d5-bb6e-9647422b6abf",
        "34626bc3-f67a-4e1a-904a-cf88f63fefe4",
        "27b9ecc0-d95e-4f55-bb76-38719ef3bdd5",
        "44603f8b-245b-4121-902d-3ceb9ac86884",
        "de75a874-6a67-45d4-9399-9b9f3b01a630",
        "9e0deac5-a357-4d6d-af00-31c641736f55",
        "931d8040-12a2-4e27-a677-ede1932715d9",
        "fc27966a-a630-4846-abf5-646c32335171",
        "050855e0-78f9-4868-9384-f13b1b267062"
      ],
      "smartMatchingEnabled": true,
      "customTypeSchema": "ClosedList",
      "id": "new_customtype_8e3574bb7e634c65bbd88b6498e618f1",
      "displayName": "Bundesländer",
      "description": "",
      "createdTime": "2022-08-22T07:20:11.93648Z",
      "updatedTime": "2022-08-22T07:39:13.0276094Z",
      "createdUserId": "7cc38f2f-341a-4263-a890-917647e3fa51",
      "updatedUserId": "7cc38f2f-341a-4263-a890-917647e3fa51"
    }
  ]
}