{
  "namedEntities": [
    {
      "synonyms": [
        "home"
      ],
      "id": "ff0ca6dd-de7a-4bee-b849-16210d63f3c5",
      "displayName": "Privatbenutzer",
      "updatedTime": "2022-08-03T06:10:09.3174812Z",
      "updatedUserId": "1373c664-c440-4d55-8615-a966ec8b3c51"
    },
    {
      "synonyms": [
        "gaming"
      ],
      "id": "2ccf421b-89a6-43a8-8b4f-b8d8f63b58bf",
      "displayName": "Spieler",
      "updatedTime": "2022-08-03T06:10:09.3174812Z",
      "updatedUserId": "1373c664-c440-4d55-8615-a966ec8b3c51"
    },
    {
      "synonyms": [
        "business"
      ],
      "id": "2d32734c-9552-47c5-963b-563fe1d9ea7e",
      "displayName": "Geschäftskunde",
      "updatedTime": "2022-08-03T06:10:09.3174812Z",
      "updatedUserId": "1373c664-c440-4d55-8615-a966ec8b3c51"
    }
  ],
  "closedListTypes": [
    {
      "namedEntities": [
        "ff0ca6dd-de7a-4bee-b849-16210d63f3c5",
        "2ccf421b-89a6-43a8-8b4f-b8d8f63b58bf",
        "2d32734c-9552-47c5-963b-563fe1d9ea7e"
      ],
      "smartMatchingEnabled": true,
      "customTypeSchema": "ClosedList",
      "id": "new_customtype_c5385667c6aa4c9691356c135aad3ccc_f86fcadfd497444e91ed11c12b059d10",
      "displayName": "Nutzungstyp",
      "description": "Lektion 4 – Nutzungstypentität",
      "createdTime": "2019-10-25T14:03:43.9601778Z",
      "updatedTime": "2022-08-03T06:10:09.3174812Z",
      "createdUserId": "user0",
      "updatedUserId": "1373c664-c440-4d55-8615-a966ec8b3c51"
    }
  ]
}