{
  "intents": [
    {
      "systemIntentTypes": [
        "Goodbye"
      ],
      "intentType": "System",
      "triggerQueries": [
        "Tschüss",
        "Tschüss und nochmal vielen Dank",
        "Einen schönen Tag noch. Sie machen das gut.",
        "Einen schönen Tag noch. Du machst das gut.",
        "Einen schönen Tag noch. Mach's gut.",
        "Ich wünsche Ihnen einen schönen Tag :)",
        "Ich wünsche dir einen schönen Tag :)",
        "Ich habe keine Probleme. Auf Wiedersehen.",
        "Ich werde später etwas unternehmen. Danke, auf Wiedersehen.",
        "Ich muss später mit Ihnen sprechen.",
        "Es war auch schön, mit Ihnen zu sprechen. Tschüss.",
        "Es war auch schön, mit dir zu sprechen. Tschüss.",
        "Nein, danke. Gute Nacht.",
        "Nein danke, auf Wiedersehen.",
        "Nein danke, tschüss.",
        "Bis bald",
        "Nein danke. Auf Wiedersehen.",
        "Nein danke! Einen schönen Tag.",
        "Nein, danke für Ihre Hilfe, auf Wiedersehen.",
        "Nein, danke für deine Hilfe, auf Wiedersehen.",
        "Nein, vielen Dank. Einen schönen Tag.",
        "Keiner der oben genannten Punkte. Auf Wiedersehen.",
        "Nein, alles in Ordnung. Danke und auf Wiedersehen.",
        "Nein, danke. Schönen Tag noch.",
        "Nein. Auf Wiedersehen.",
        "Im Moment nicht. Vielen Dank und einen schönen Tag.",
        "Ok, danke und einen schönen Tag.",
        "Ok, danke, bis später.",
        "Perfekt! Einen schönen Tag noch!",
        "Perfekt! Ich wünsche Ihnen einen schönen Tag!",
        "Perfekt! Ich wünsche dir einen schönen Tag!",
        "Das gilt auch für mich. Einen schönen Tag noch.",
        "Das gilt auch für mich. Bis bald…",
        "Auf Wiedersehen.",
        "Bis später",
        "Tut mir leid, tschüss. Danke für die Hilfe.",
        "Ich muss leider zur Arbeit gehen. Einen schönen Tag noch.",
        "Tschüss bis später!",
        "Ich muss leider gehen. Tschüss.",
        "Passen Sie auf sich auf. Einen schönen Tag noch.",
        "Pass auf dich auf. Einen schönen Tag noch.",
        "Danke für das Gespräch und einen schönen Tag.",
        "Danke und tschüss.",
        "Danke und auf Wiedersehen!",
        "Danke und einen schönen Tag noch.",
        "Vielen Dank für Ihre Hilfe, bis bald,",
        "Vielen Dank für deine Hilfe, bis bald,",
        "Vielen Dank für Ihre Hilfe! Auf Wiedersehen!",
        "Vielen Dank für deine Hilfe! Auf Wiedersehen!",
        "Danke. Schönen Tag noch.",
        "Danke, ich werde es mir ansehen.",
        "Hat mich auch gefreut, mit Ihnen zu sprechen. Ich wünsche Ihnen einen schönen Tag.",
        "Vielen Dank, auf Wiedersehen.",
        "Ich danke Ihnen vielmals. Einen schönen Tag noch!",
        "Danke, einen schönen Tag noch.",
        "Danke, bis später.",
        "Danke. Tschüss.",
        "Danke für die Hilfe. Auf Wiedersehen.",
        "Danke, dass Sie mir geholfen haben. Auf Wiedersehen.",
        "Danke für Ihre Hilfe. Auf Wiedersehen.",
        "Danke für deine Hilfe. Auf Wiedersehen.",
        "Danke für Ihre Hilfe. Einen schönen Tag noch!!",
        "Danke für deine Hilfe. Einen schönen Tag noch!!",
        "Auf Wiedersehen",
        "Danke, auf Wiedersehen.",
        "Danke, gute Nacht.",
        "Danke. Auf Wiedersehen.",
        "Danke. Ich beende den Chat jetzt.",
        "Danke. Es geht mir gut. Einen schönen Tag noch.",
        "Danke. Wiedersehen.",
        "Einen schönen Tag",
        "Gute Nacht",
        "Einen schönen Tag noch"
      ],
      "dialogId": "new_topic_c5385667c6aa4c9691356c135aad3ccc_f56d1a3e522740c78f9fac0939332dbd_goodbye",
      "isTriggeringEnabled": true,
      "id": "new_topic_c5385667c6aa4c9691356c135aad3ccc_f56d1a3e522740c78f9fac0939332dbd_goodbye",
      "displayName": "Auf Wiedersehen.",
      "description": "Systemabsicht – Auf Wiedersehen",
      "createdTime": "2019-01-15T00:00:00Z",
      "updatedTime": "2019-01-15T00:00:00Z",
      "createdUserId": "user0",
      "updatedUserId": "user0"
    }
  ],
  "dialogs": [
    {
      "rootNodeId": "3ce2158c-ebd3-4e2f-9e15-74432e415182",
      "dialogType": "System",
      "messageNodes": [
        {
          "botMessageId": "026a85be-8cca-4b87-b39f-3639fcfe3383",
          "nodeType": "BotMessageNode",
          "id": "3ce2158c-ebd3-4e2f-9e15-74432e415182"
        }
      ],
      "id": "new_topic_c5385667c6aa4c9691356c135aad3ccc_f56d1a3e522740c78f9fac0939332dbd_goodbye",
      "displayName": "Dialog für \"Auf Wiedersehen\"",
      "createdTime": "2019-01-15T00:00:00Z",
      "updatedTime": "2019-01-15T00:00:00Z",
      "createdUserId": "user0",
      "updatedUserId": "user0"
    }
  ],
  "botMessages": [
    {
      "channelContent": {
        "web": {
          "contentFormat": "Markdown",
          "content": "Danke, dass Sie mit mir gechattet haben. Tschüss!"
        }
      },
      "id": "026a85be-8cca-4b87-b39f-3639fcfe3383",
      "createdTime": "2019-01-15T00:00:00Z",
      "updatedTime": "2019-01-15T00:00:00Z",
      "createdUserId": "user0",
      "updatedUserId": "user0"
    }
  ]
}