{
  "namedEntities": [
    {
      "synonyms": [
        "SH",
        "MV",
        "SA",
        "Sachsen-Anhalt",
        "Brandenburg",
        "Berlin",
        "Bremen",
        "Mecklenburg-Vorpommern",
        "Schleswig-Holstein",
        "Niedersachsen"
      ],
      "id": "ecd8095f-406c-4a0c-a1ba-71c5461f2aaf",
      "displayName": "Hamburg",
      "createdTime": "2022-08-16T12:26:38.5728735Z",
      "updatedTime": "2022-08-22T07:17:14.4021547Z",
      "createdUserId": "1373c664-c440-4d55-8615-a966ec8b3c51",
      "updatedUserId": "7cc38f2f-341a-4263-a890-917647e3fa51"
    },
    {
      "synonyms": [
        "RP",
        "BW",
        "NRW",
        "Nordrhein-Westfalen",
        "Sachsen",
        "Thüringen",
        "Rheinland-Pfalz",
        "Saarland",
        "Baden-Württemberg",
        "Bayern",
        "Hessen"
      ],
      "id": "d80b684d-4ae4-4389-9c23-b8232a071937",
      "displayName": "Bad Homburg",
      "createdTime": "2022-08-16T12:26:38.5728735Z",
      "updatedTime": "2022-08-22T07:17:14.4021547Z",
      "createdUserId": "1373c664-c440-4d55-8615-a966ec8b3c51",
      "updatedUserId": "7cc38f2f-341a-4263-a890-917647e3fa51"
    }
  ],
  "closedListTypes": [
    {
      "namedEntities": [
        "ecd8095f-406c-4a0c-a1ba-71c5461f2aaf",
        "d80b684d-4ae4-4389-9c23-b8232a071937"
      ],
      "smartMatchingEnabled": false,
      "customTypeSchema": "ClosedList",
      "id": "new_customtype_3c5a7477d3c64b459902ff0fdcad7385",
      "displayName": "Filialen",
      "description": "",
      "createdTime": "2022-08-16T12:26:38.5728735Z",
      "updatedTime": "2022-08-22T07:17:14.4021547Z",
      "createdUserId": "1373c664-c440-4d55-8615-a966ec8b3c51",
      "updatedUserId": "7cc38f2f-341a-4263-a890-917647e3fa51"
    }
  ]
}